0, Walmart, 1039 Iris Centers, Giaville, 25044, TN, 983 701 4705
1, Amazon.com, 35602 Runolfsson Mills, Gloverview, 16305, TX, 270 109 0459
2, Costco Wholesale, 4388 Arnold Pike, Walterburgh, 60604, IL, 483 660 5199
3, The Home Depot, 158 Beer Plains, Lake Jacob, 22378, AK, 887 641 3395
4, The Kroger Co., 668 Sachiko Mountain, South Domingomouth, 32385, PA, 472 469 0664
5, Walgreens Boots Alliance, 81733 Pat Creek, Lynchmouth, 76975, RI, 746 714 0130
6, Target, 135 Pagac Unions, Graigshire, 70357, DE, 899 182 0171
7, CVS Health Corporation, 29201 Marilu Field, East Kraigberg, 32736, CA, 208 932 6866
8, Lowe's Companies, 9923 Henriette Freeway, Parkerfurt, 80083, WA, 634 412 3748
9, Albertsons Companies, 951 Darryl Orchard, Homenickfort, 66781, IA, 853 784 0900
10, Apple Stores / iTunes, 22875 Ferdinand Rapids, West Rubie, 48208, IA, 828 246 9341
11, Royal Ahold Delhaize USA, 83355 Corkery Tunnel, New Wyatt, 23425, AK, 415 716 0025
12, Publix Super Markets, 4096 Daugherty Rue, Joseport, 82823, AK, 275 980 7661
13, Best Buy, 5731 Mellisa Lakes, Wehnerstad, 78301, MA, 778 666 9736
14, TJX Companies, 2091 Lory Loop, Clintonland, 72415, IL, 406 105 0809
15, Aldi, 8087 Wyman Plains, East Piatown, 05600, CT, 382 473 6871
16, Dollar General, 7354 Doyle Ranch, Carrollshire, 73660, AZ, 975 342 7583
17, H.E. Butt Grocery, 4105 Lourdes Crossing, East Lamontmouth, 30748, WA, 259 300 1189
18, Dollar Tree, 989 Gorczany Mews, Dremafort, 79741, KS, 740 893 8418
19, Ace Hardware, 41659 Isaiah Circle, Brettmouth, 10329, VA, 717 102 9627
20, Macy's, 376 Verla Radial, New Janeneshire, 15060, MS, 165 474 4443
21, 7-Eleven, 483 Rowe Grove, Olsonfort, 94352, TN, 784 587 3321
22, AT&T Wireless, 4276 Werner Light, South Carisahaven, 03483, MD, 960 598 8299
23, Meijer, 74585 Johnathon Fork, North Sanfordton, 43870, ID, 853 743 7110
24, Verizon Wireless, 9800 Sawayn Land, Kamitown, 08278, NE, 465 808 2613
25, Ross Stores, 8799 Schamberger Mission, Demarcushaven, 66590, MN, 690 768 1145
26, Kohl's, 4771 Jacquiline Hills, South Devona, 16849, IN, 332 948 5988
27, Wakefern / ShopRite, 5537 Hettinger Branch, Margaritoside, 71653, NE, 425 367 3903
28, Rite Aid, 97614 Jakubowski Avenue, Port Calistaport, 37042, PA, 611 669 3783
29, BJ's Wholesale Club, 9562 Collier Cliffs, South Vickeychester, 49938, WI, 076 781 8879
30, Dell Technologies, 480 Homenick Street, Zenaidabury, 08027, CT, 007 308 4074
31, Gap, 6175 Lenard Place, South Arica, 78467, OH, 652 335 0133
32, Nordstrom, 723 Rosella Avenue, East Vern, 40681, CO, 237 247 3446
33, Menards, 7626 Rory Passage, Buckridgebury, 68874, TX, 136 842 7591
34, Oâ€™Reilly Auto Parts, 9633 Luettgen Prairie, Coleland, 72593, KS, 370 597 5329
35, Tractor Supply Co., 304 Mueller Way, Port Triciashire, 41404, OK, 546 005 1250
36, AutoZone, 735 Rippin Circle, Weissnathaven, 41476, VT, 806 171 8227
37, Dick's Sporting Goods, 2632 Schroeder Fork, New Rayford, 96289, VA, 493 474 6610
38, Hy Vee, 12679 Mayert Circles, Lindchester, 82029, CO, 281 926 7117
39, Wayfair, 232 Adelle Greens, Rosendochester, 73087, NC, 600 481 4812
40, Health Mart Systems, 57216 McCullough Hollow, Kuphaltown, 26060, NE, 810 428 7659
41, Wegmans Food Market, 47600 Jeffie Rapid, Ernsermouth, 92704, PA, 983 088 7764
42, Qurate Retail, 22912 Howell Centers, Rolfsonmouth, 81364, RI, 946 665 4450
43, Giant Eagle, 5793 Dan Springs, New Natashialand, 08787, VA, 805 609 2432
44, Alimentation Couche-Tard, 691 Gabriel Mountains, Haagville, 34048, MN, 155 024 8748
45, Sherwin-Williams, 7868 Runolfsdottir Forest, New Vanceton, 50143, DE, 187 249 0674
46, Burlington, 300 Ward Course, Lake Madalene, 12371, IL, 447 130 5494
47, J.C. Penney Company, 716 Giuseppe Tunnel, Lake Benito, 18553, RI, 534 592 7874
48, WinCo Foods, 639 Sydney Locks, West Blakeside, 48259, CT, 737 846 6038
49, Chewy.com, 3190 Walter Island, Brownmouth, 02967, IL, 281 535 7070
50, Good Neighbor Pharmacy, 153 Olen Turnpike, Lake Delora, 37407, NC, 169 616 7936
51, Ulta Beauty, 8389 Eleonor Shores, East Von, 32877, AZ, 760 957 7419
52, Williams-Sonoma, 93459 Dare Inlet, East Leamouth, 37994, NJ, 116 912 7729
53, Army and Air Force Exchange Service, 3368 Thompson Parkways, East Joaquin, 22175, ND, 730 034 9652
54, PetSmart, 6107 McLaughlin Drive, North Blairchester, 08446, PA, 792 259 7670
55, Bass Pro, 72563 Miki Spurs, Stephanybury, 61352, TX, 880 378 1795
56, Bath & Body Works, 234 Lianne Cliff, Tawanahaven, 11849, MN, 192 195 6541
57, Southeastern Grocers, 67439 Dickens Inlet, Leighshire, 46046, NH, 525 833 3516
58, AVB Brandsource, 69146 Ebert Ramp, Heidenreichtown, 48919, CA, 838 384 6770
59, Academy Sports, 808 August Freeway, Mosciskiland, 95935, HI, 316 118 1919
60, Staples, 1529 Clair Spurs, Hartmannmouth, 43433, RI, 554 619 6552
61, Dillard's, 4426 Elliot Island, Langworthchester, 64550, DE, 979 286 5580
62, Hobby Lobby Stores, 158 Vashti Centers, Auershire, 43634, AR, 436 096 0198
63, Bed Bath & Beyond, 5129 Halvorson Land, North Tillieland, 39968, NC, 821 189 7670
64, Big Lots, 89303 Douglas Parks, Hazelburgh, 35425, VA, 005 598 9382
65, Signet Jewelers, 9827 Simonne Trafficway, West Marcelino, 89971, CA, 192 973 7719
66, Foot Locker, 869 Carter Villages, New Staci, 18257, SD, 972 356 3468
67, Sprouts Farmers Market, 300 Taylor Crest, North Kelvin, 57599, DE, 788 544 7936
68, Sephora (LVMH), 8939 Strosin Plains, Estebanton, 74245, ME, 910 894 3475
69, Ikea North America Services, 3900 Becker Trafficway, Framifurt, 87289, TN, 499 404 2796
70, Discount Tire, 4350 Dietrich Court, Gilton, 81943, NJ, 984 546 6410
71, Camping World, 72873 Abbott Field, West Zulemamouth, 49189, KS, 817 344 1053
72, Petco, 3016 Trevor Spurs, Maritaborough, 15486, MT, 133 029 3232
73, True Value Co., 79783 Catherina Avenue, Raynorborough, 18271, ND, 008 830 1819
74, Office Depot, 900 Hickle Port, Lake Demetriustown, 51628, FL, 423 137 9918
75, Victoria's Secret, 65198 Spencer Club, Bergnaumfurt, 06151, TX, 026 631 0179
76, Michaels Stores, 272 Janessa Club, Port Alvertatown, 89438, MS, 652 753 7155
77, Piggly Wiggly, 29477 Harber Row, Zinatown, 27158, UT, 662 161 8029
78, Stater Bros Holdings, 2438 Bayer Glen, Lake Lyman, 25432, AL, 240 913 7166
79, My Demoulas, 258 Wehner Forges, Port Leonard, 28825, NE, 592 987 3951
80, Advance Auto, 5800 Marquardt Street, Daisybury, 83079, AK, 435 430 8652
81, Harbor Freight Tools, 912 Jefferson Bypass, West Peifort, 02741, NV, 274 557 9349
82, Exxon Mobil Corporation, 22815 Rosa Ridges, Torphaven, 87333, NE, 680 151 2764
83, Hudson's Bay, 7838 Nolan Shoals, South Nell, 08098, WY, 325 808 1180
84, Save-A-Lot, 2377 Harris Fort, New Reaganberg, 13746, ME, 251 251 3223
85, American Eagle Outfitters, 28791 Rice Springs, New Tu, 66699, WA, 104 017 6697
86, Total Wine & More, 1031 Dominga Street, West Hongberg, 88521, WA, 420 011 8159
87, Defense Commissary Agency, 92750 Stracke Drive, Nienowbury, 10865, RI, 001 876 2977
88, Ingles, 1728 Schmitt Summit, Port Elmerville, 45298, NM, 513 310 8583
89, Weis Markets, 7312 Fabiola View, East Denny, 22819, NV, 351 684 8122
90, Casey's General Store, 47324 Bashirian Forge, Shannonstad, 55483, RI, 425 217 4284
91, Tapestry, 94026 Gutkowski Drives, Karmafurt, 48314, TX, 744 158 3356
92, Smart & Final, 4820 Nienow Crossroad, Murazikland, 86096, SD, 955 093 6070
93, Lululemon, 7634 Lacy Lodge, Lockmanville, 38875, RI, 628 397 0081
94, Shell Oil Company, 974 Treutel Passage, Lake William, 32369, IL, 155 789 1725
95, Golub, 22074 Spinka Branch, West Christopherstad, 03527, DE, 373 772 8646
96, Save Mart, 83878 Hauck Cape, New Beverleefurt, 41295, OH, 214 654 1322
97, RH, 51773 Spencer Spur, Caroylnstad, 22491, NC, 760 336 7605
98, Urban Outfitters, 8240 Monet Knolls, Port Ray, 18994, ME, 766 798 4289
99, Barnes & Noble, 9688 Leffler Shoal, North Josefine, 49935, AK, 724 493 6998
